Inox Cinema Bund Garden Road,war,7
Inox Cinema Bund Garden Road,joker,7
Inox Cinema Bund Garden Road,gemini 6
Inox Cinema Bund Garden Road,abonimable,5
Inox Cinema Bund Garden Road,dream girl,7
Inox Cinema Bund Garden Road,chhichhore,6
Big Cinemas Kalyani Nagar,war,7
Big Cinemas Kalyani Nagar,joker,7
Big Cinemas Kalyani Nagar,gemini man,5
Big Cinemas Kalyani Nagar,abonimable,6
Big Cinemas Kalyani Nagar,dream girl,6
Big Cinemas Kalyani Nagar,chhichhore,5
Fun Square Multiplex Wagholi,war,6
Fun Square Multiplex Wagholi,joker,6
Fun Square Multiplex Wagholi,gemini man,5
Fun Square Multiplex Wagholi,abonimable,6
Fun Square Multiplex Wagholi,dream girl,5
Fun Square Multiplex Wagholi,chhichhore,6
City Pride R Deccan Multiplex,war,6
City Pride R Deccan Multiplex,joker,5
City Pride R Deccan Multiplex,gemini man,7
City Pride R Deccan Multiplex,abonimable,5
City Pride R Deccan Multiplex,dream girl,5
City Pride R Deccan Multiplex,chhichhore,6
E Square Multiplex University Road,war,7
E Square Multiplex University Road,joker,6
E Square Multiplex University Road,gemini man,7
E Square Multiplex University Road,abonimable,5
E Square Multiplex University Road,dream girl,6
E Square Multiplex University Road,chhichhore,5
JAI Hind Cinema Khadki Railway Station,war,6
JAI Hind Cinema Khadki Railway Station,joker,6
JAI Hind Cinema Khadki Railway Station,gemini man,5
JAI Hind Cinema Khadki Railway Station,abonimable,7
JAI Hind Cinema Khadki Railway Station,dream girl,6
JAI Hind Cinema Khadki Railway Station,chhichhore,6
Big Cinemas Chinchwad,war,5
Big Cinemas Chinchwad,joker,6
Big Cinemas Chinchwad,gemini man,5
Big Cinemas Chinchwad,abonimable,6
Big Cinemas Chinchwad,dream girl,5
Big Cinemas Chinchwad,chhichhore,6
Inox GVK One Mall Banjara Hills,war,5
Inox GVK One Mall Banjara Hills,joker,5
Inox GVK One Mall Banjara Hills,gemini man,6
Inox GVK One Mall Banjara Hills,abonimable,5
Inox GVK One Mall Banjara Hills,dream girl,7
Inox GVK One Mall Banjara Hills,chhichhore,6
PVR Cinema Punjagutta,war,5
PVR Cinema Punjagutta,joker,6
PVR Cinema Punjagutta,gemini man,6
PVR Cinema Punjagutta,abonimable,5
PVR Cinema Punjagutta,dream girl,6
PVR Cinema Punjagutta,chhichhore,7
PVR Cinemas Inorbit Mall Madhapur,war,6
PVR Cinemas Inorbit Mall Madhapur,joker,5
PVR Cinemas Inorbit Mall Madhapur,gemini man,5
PVR Cinemas Inorbit Mall Madhapur,abonimable,6
PVR Cinemas Inorbit Mall Madhapur,dream girl,6
PVR Cinemas Inorbit Mall Madhapur,chhichhore,7
Asian Cine Square Multiplex Uppal,war,6
Asian Cine Square Multiplex Uppal,joker,6
Asian Cine Square Multiplex Uppal,gemini man,5
Asian Cine Square Multiplex Uppal,abonimable,6
Asian Cine Square Multiplex Uppal,dream girl,6
Asian Cine Square Multiplex Uppal,chhichhore,6
Cinepolis Mantra Mall Attapur,war,6
Cinepolis Mantra Mall Attapur,joker,5
Cinepolis Mantra Mall Attapur,gemini man,7
Cinepolis Mantra Mall Attapur,abonimable,5
Cinepolis Mantra Mall Attapur,dream girl,6
Cinepolis Mantra Mall Attapur,chhichhore,6
PVR Next Galleria Mall Panjagutta,war,5
PVR Next Galleria Mall Panjagutta,joker,7
PVR Next Galleria Mall Panjagutta,gemini man,5
PVR Next Galleria Mall Panjagutta,abonimable,6
PVR Next Galleria Mall Panjagutta,dream girl,6
PVR Next Galleria Mall Panjagutta,chhichhore,6
PVR 4DX Irrum Manzil,war,5
PVR 4DX Irrum Manzil,joker,6
PVR 4DX Irrum Manzil,gemini man,6
PVR 4DX Irrum Manzil,abonimable,6
PVR 4DX Irrum Manzil,dream girl,7
PVR 4DX Irrum Manzil,chhichhore,5
PVR Cinemas Forum Mall Koramangala,war,6
PVR Cinemas Forum Mall Koramangala,joker,6
PVR Cinemas Forum Mall Koramangala,gemini man,7
PVR Cinemas Forum Mall Koramangala,abonimable,5
PVR Cinemas Forum Mall Koramangala,dream girl,7
PVR Cinemas Forum Mall Koramangala,chhichhore,6
PVR Cinemas Orion Mall Malleswaram,war,6
PVR Cinemas Orion Mall Malleswaram,joker,6
PVR Cinemas Orion Mall Malleswaram,gemini man,5
PVR Cinemas Orion Mall Malleswaram,abonimable,6
PVR Cinemas Orion Mall Malleswaram,dream girl,5
PVR Cinemas Orion Mall Malleswaram,chhichhore,7
INOX Cinemas Forum Neighbourhood Mall Whitefield Main Road,war,6
INOX Cinemas Forum Neighbourhood Mall Whitefield Main Road,joker,5
INOX Cinemas Forum Neighbourhood Mall Whitefield Main Road,gemini man,7
INOX Cinemas Forum Neighbourhood Mall Whitefield Main Road,abonimable,6
INOX Cinemas Forum Neighbourhood Mall Whitefield Main Road,dream girl,5
INOX Cinemas Forum Neighbourhood Mall Whitefield Main Road,chhichhore,7
PVR Cinemas Vaishnavi Sapphire Mall Yeshwanthpur,war,5
PVR Cinemas Vaishnavi Sapphire Mall Yeshwanthpur,joker,6
PVR Cinemas Vaishnavi Sapphire Mall Yeshwanthpur,gemini man,6
PVR Cinemas Vaishnavi Sapphire Mall Yeshwanthpur,abonimable,5
PVR Cinemas Vaishnavi Sapphire Mall Yeshwanthpur,dream girl,6
PVR Cinemas Vaishnavi Sapphire Mall Yeshwanthpur,chhichhore,5
Cinepolis Cinemas Eta Mall Binnypete,war,7
Cinepolis Cinemas Eta Mall Binnypete,joker,6
Cinepolis Cinemas Eta Mall Binnypete,gemini man,6
Cinepolis Cinemas Eta Mall Binnypete,abonimable,5
Cinepolis Cinemas Eta Mall Binnypete,dream girl,6
Cinepolis Cinemas Eta Mall Binnypete,chhichhore,7
Galaxy Paradise Theatre Begur Road,war,5
Galaxy Paradise Theatre Begur Road,joker,7
Galaxy Paradise Theatre Begur Road,gemini man,6
Galaxy Paradise Theatre Begur Road,abonimable,6
Galaxy Paradise Theatre Begur Road,dream girl,5
Galaxy Paradise Theatre Begur Road,chhichhore,7
RANG RUP New Complex Dharmatala,war,6
RANG RUP New Complex Dharmatala,joker,6
RANG RUP New Complex Dharmatala,gemini man,7
RANG RUP New Complex Dharmatala,abonimable,6
RANG RUP New Complex Dharmatala,dream girl,5
RANG RUP New Complex Dharmatala,chhichhore,6
CHABIGHAR CINEMA HALL Mahatma Gandhi Road Baithakkhana,war,7
CHABIGHAR CINEMA HALL Mahatma Gandhi Road Baithakkhana,joker,6
CHABIGHAR CINEMA HALL Mahatma Gandhi Road Baithakkhana,gemini man,6
CHABIGHAR CINEMA HALL Mahatma Gandhi Road Baithakkhana,abonimable,5
CHABIGHAR CINEMA HALL Mahatma Gandhi Road Baithakkhana,dream girl,6
CHABIGHAR CINEMA HALL Mahatma Gandhi Road Baithakkhana,chhichhore,6
LONDON PARIS MULTIPLEX Gariahat Road Ballygunge,war,7
LONDON PARIS MULTIPLEX Gariahat Road Ballygunge,joker,6
LONDON PARIS MULTIPLEX Gariahat Road Ballygunge,gemini man,6
LONDON PARIS MULTIPLEX Gariahat Road Ballygunge,abonimable,6
LONDON PARIS MULTIPLEX Gariahat Road Ballygunge,dream girl,6
LONDON PARIS MULTIPLEX Gariahat Road Ballygunge,chhichhore,7
PVR Cinemas Elements Mall Nagawara,war,6
PVR Cinemas Elements Mall Nagawara,joker,6
PVR Cinemas Elements Mall Nagawara,gemini man,7
PVR Cinemas Elements Mall Nagawara,abonimable,5
PVR Cinemas Elements Mall Nagawara,dream girl,6
PVR Cinemas Elements Mall Nagawara,chhichhore,6
BROADWAY MULTIPLEX Sector III Salt Lake City,war,6
BROADWAY MULTIPLEX Sector III Salt Lake City,joker,5
BROADWAY MULTIPLEX Sector III Salt Lake City,gemini man,7
BROADWAY MULTIPLEX Sector III Salt Lake City,abonimable,5
BROADWAY MULTIPLEX Sector III Salt Lake City,dream girl,5
BROADWAY MULTIPLEX Sector III Salt Lake City,chhichhore,7
PVR CINEMAS Avani Riverside Mall,war,6
PVR CINEMAS Avani Riverside Mall,joker,7
PVR CINEMAS Avani Riverside Mall,gemini man,5
PVR CINEMAS Avani Riverside Mall,abonimable,5
PVR CINEMAS Avani Riverside Mall,dream girl,6
PVR CINEMAS Avani Riverside Mall,chhichhore,7
PARADISE CINEMA Esplanade,war,6
PARADISE CINEMA Esplanade,joker,6
PARADISE CINEMA Esplanade,gemini man,7
PARADISE CINEMA Esplanade,abonimable,5
PARADISE CINEMA Esplanade,dream girl,6
PARADISE CINEMA Esplanade,chhichhore,7
BATRA REELS CINEMA Grand Mall New Friends Colony,war,6
BATRA REELS CINEMA Grand Mall New Friends Colony,joker,6
BATRA REELS CINEMA Grand Mall New Friends Colony,gemini man,5
BATRA REELS CINEMA Grand Mall New Friends Colony,abonimable,7
BATRA REELS CINEMA Grand Mall New Friends Colony,dream girl,7
BATRA REELS CINEMA Grand Mall New FriendD. T. STAR CINEMAS DLF Place Mall SAKETs Colony,chhichhore,6
D. T. STAR CINEMAS DLF Place Mall SAKET,war,5
D. T. STAR CINEMAS DLF Place Mall SAKET,joker,7
D. T. STAR CINEMAS DLF Place Mall SAKET,gemini man,6
D. T. STAR CINEMAS DLF Place Mall SAKET,abonimable,6
D. T. STAR CINEMAS DLF Place Mall SAKET,dream girl,5
D. T. STAR CINEMAS DLF Place Mall SAKET,chhichhore,7
DELITE Asaf Ali Road,war,5
DELITE Asaf Ali Road,joker,7
DELITE Asaf Ali Road,gemini man,6
DELITE Asaf Ali Road,abonimable,6
DELITE Asaf Ali Road,dream girl,5
DELITE Asaf Ali Road,chhichhore,7
M2K M2K Mall ROHINI,war,7
M2K M2K Mall ROHINI,joker,5
M2K M2K Mall ROHINI,gemini man,6
M2K M2K Mall ROHINI,abonimable,5
M2K M2K Mall ROHINI,dream girl,5
M2K M2K Mall ROHINI,chhichhore,7
MOVIE TIME North Pacific Mall PITAMPURA,war,6
MOVIE TIME North Pacific Mall PITAMPURA,joker,6
MOVIE TIME North Pacific Mall PITAMPURA,gemini man,5
MOVIE TIME North Pacific Mall PITAMPURA,abonimable,5
MOVIE TIME North Pacific Mall PITAMPURA,dream girl,7
MOVIE TIME North Pacific Mall PITAMPURA,chhichhore,6
PVR East Delhi Mall Ghaziabad,war,5
PVR East Delhi Mall Ghaziabad,joker,6
PVR East Delhi Mall Ghaziabad,gemini man,5
PVR East Delhi Mall Ghaziabad,abonimable,5
PVR East Delhi Mall Ghaziabad,dream girl,7
PVR East Delhi Mall Ghaziabad,chhichhore,7
SATYAM CINEPLEXES PATEL NAGAR,war,7
SATYAM CINEPLEXES PATEL NAGAR,joker,6
SATYAM CINEPLEXES PATEL NAGAR,gemini man,5
SATYAM CINEPLEXES PATEL NAGAR,abonimable,5
SATYAM CINEPLEXES PATEL NAGAR,dream girl,6
SATYAM CINEPLEXES PATEL NAGAR,chhichhore,7
Jothi Cinema Hall-Alandur,war,6
Jothi Cinema Hall-Alandur,joker,5
Jothi Cinema Hall-Alandur,gemini man,5
Jothi Cinema Hall-Alandur,abonimable,6
Jothi Cinema Hall-Alandur,dream girl,7
Jothi Cinema Hall-Alandur,chhichhore,5
PVR-Ampa Sky Walk Mall,war,6
PVR-Ampa Sky Walk Mall,joker,6
PVR-Ampa Sky Walk Mall,gemini man,5
PVR-Ampa Sky Walk Mall,abonimable,7
PVR-Ampa Sky Walk Mall,dream girl,6
PVR-Ampa Sky Walk Mall,chhichhore,6
PVR-Ampa Sky Walk Mall,war,5
PVR-VR Chennai Mall Anna Nagar,joker,6
PVR-VR Chennai Mall Anna Nagar,gemini man,6
PVR-VR Chennai Mall Anna Nagar,7
PVR-VR Chennai Mall Anna Nagar,dream girl,7
PVR-VR Chennai Mall Anna Nagar,chhichhore,5
S2 Cinema-Spectrum The Great Venus Mall Perambur,war,6
S2 Cinema-Spectrum The Great Venus Mall Perambur,joker,5
S2 Cinema-Spectrum The Great Venus Mall Perambur,gemini man,7
S2 Cinema-Spectrum The Great Venus Mall Perambur,abonimable,6
S2 Cinema-Spectrum The Great Venus Mall Perambur,dream girl,5
S2 Cinema-Spectrum The Great Venus Mall Perambur,chhichhore,6
Shree Radha Movie Park-Redhills,war,5
Shree Radha Movie Park-Redhills,joker,6
Shree Radha Movie Park-Redhills,gemini man,7
Shree Radha Movie Park-Redhills,abonimable,6
Shree Radha Movie Park-Redhills,dream girl,7
Shree Radha Movie Park-Redhills,chhichhore,5
SPI Sathyam Cinemas-Royalpettah,war,6
SPI Sathyam Cinemas-Royalpettah,joker,7
SPI Sathyam Cinemas-Royalpettah,gemini man,5
SPI Sathyam Cinemas-Royalpettah,abonimable,6
SPI Sathyam Cinemas-Royalpettah,dream girl,7
SPI Sathyam Cinemas-Royalpettah,chhichhore,6
Galaxy Cinema G7 Bandra West,war,7
Galaxy Cinema G7 Bandra West,joker,6
Galaxy Cinema G7 Bandra West,gemini man,5
Galaxy Cinema G7 Bandra West,abonimable,6
Galaxy Cinema G7 Bandra West,dream girl,7
Galaxy Cinema G7 Bandra West,chhichhore,7
Inox Cinemas Glomax Kharghar,war,5
Inox Cinemas Glomax Kharghar,joker,6
Inox Cinemas Glomax Kharghar,gemini man,7
Inox Cinemas Glomax Kharghar,abonimable,6
Inox Cinemas Glomax Kharghar,dream girl,5
Inox Cinemas Glomax Kharghar,chhichhore,5
INOX Cinemas Metro Ebony Marine Lines East,war,7
INOX Cinemas Metro Ebony Marine Lines East,joker,6
INOX Cinemas Metro Ebony Marine Lines East,gemini man,6
INOX Cinemas Metro Ebony Marine Lines East,abonimable,5
INOX Cinemas Metro Ebony Marine Lines East,dream girl,6
INOX Cinemas Metro Ebony Marine Lines East,chhichhore,7
Mukta A2 KMall Panvel,war,6
Mukta A2 KMall Panvel,joker,5
Mukta A2 KMall Panvel,gemini man,7
Mukta A2 KMall Panvel,abonimable,6
Mukta A2 KMall Panvel,dream girl,5
Mukta A2 KMall Panvel,chhichhore,7
PVR 4DX Cinema Kurla West,war,6
PVR 4DX Cinema Kurla West,joker,6
PVR 4DX Cinema Kurla West,gemini man,5
PVR 4DX Cinema Kurla West,dream girl,5
PVR 4DX Cinema Kurla West,chhichhore,6
PVR Beverly Park Mira Road Mira-Road East,war,5
PVR Beverly Park Mira Road Mira-Road East,joker,6
PVR Beverly Park Mira Road Mira-Road East,gemini man,7
PVR Beverly Park Mira Road Mira-Road East,abonimable,5
PVR Beverly Park Mira Road Mira-Road East,dream girl,5
PVR Beverly Park Mira Road Mira-Road East,chhichhore,6
