Inox Cinema Bund Garden Road,war,08:00:00,11:00:00,09:00:00,14:00:00,16:00:00,20:00:00,22:50:00
Inox Cinema Bund Garden Road,joker,08:00:00,11:00:00,09:00:00,14:00:00,16:00:00,20:00:00,22:50:00
Inox Cinema Bund Garden Road,gemini man,08:00:00,11:00:00,09:00:00,14:00:00,16:00:00,20:00:00,22:50:00
Inox Cinema Bund Garden Road,abonimable,08:00:00,11:00:00,09:00:00,14:00:00,16:00:00,20:00:00,22:50:00
Inox Cinema Bund Garden Road,dream girl,08:00:00,11:00:00,09:00:00,14:00:00,16:00:00,20:00:00,22:50:00
Inox Cinema Bund Garden Road,chhichhore,08:00:00,11:00:00,09:00:00,14:00:00,16:00:00,20:00:00,22:50:00
Big Cinemas Kalyani Nagar,war,08:00:00,11:00:00,09:00:00,14:00:00,16:00:00,20:00:00,22:50:00
Big Cinemas Kalyani Nagar,joker,08:00:00,11:00:00,09:00:00,14:00:00,16:00:00,20:00:00,22:50:00
Big Cinemas Kalyani Nagar,gemini man,08:00:00,11:00:00,09:00:00,14:00:00,16:00:00,20:00:00,22:50:00
Big Cinemas Kalyani Nagar,abonimable,08:00:00,11:00:00,09:00:00,14:00:00,16:00:00,20:00:00,22:50:00
Big Cinemas Kalyani Nagar,dream girl,08:00:00,11:00:00,09:00:00,14:00:00,16:00:00,20:00:00,22:50:00
Big Cinemas Kalyani Nagar,chhichhore,08:00:00,11:00:00,09:00:00,14:00:00,16:00:00,20:00:00,22:50:00
Fun Square Multiplex Wagholi,war,08:00:00,11:00:00,09:00:00,14:00:00,16:00:00,20:00:00,22:50:00
Fun Square Multiplex Wagholi,joker,08:00:00,11:00:00,09:00:00,14:00:00,16:00:00,20:00:00,22:50:00
Fun Square Multiplex Wagholi,gemini man,08:00:00,11:00:00,09:00:00,14:00:00,16:00:00,20:00:00,22:50:00
Fun Square Multiplex Wagholi,abonimable,08:00:00,11:00:00,09:00:00,14:00:00,16:00:00,20:00:00,22:50:00
Fun Square Multiplex Wagholi,dream girl,08:00:00,11:00:00,09:00:00,14:00:00,16:00:00,20:00:00,22:50:00
Fun Square Multiplex Wagholi,chhichhore,08:00:00,11:00:00,09:00:00,14:00:00,16:00:00,20:00:00,22:50:00
City Pride R Deccan Multiplex,war,08:00:00,11:00:00,09:00:00,14:00:00,16:00:00,20:00:00,22:50:00
City Pride R Deccan Multiplex,joker,08:00:00,11:00:00,09:00:00,14:00:00,16:00:00,20:00:00,22:50:00
City Pride R Deccan Multiplex,gemini man,08:00:00,11:00:00,09:00:00,14:00:00,16:00:00,20:00:00,22:50:00
City Pride R Deccan Multiplex,abonimable,08:00:00,11:00:00,09:00:00,14:00:00,16:00:00,20:00:00,22:50:00
City Pride R Deccan Multiplex,dream girl,08:00:00,11:00:00,09:00:00,14:00:00,16:00:00,20:00:00,22:50:00
City Pride R Deccan Multiplex,chhichhore,08:00:00,11:00:00,09:00:00,14:00:00,16:00:00,20:00:00,22:50:00
E Square Multiplex University Road,war,08:00:00,11:00:00,09:00:00,14:00:00,16:00:00,20:00:00,22:50:00
E Square Multiplex University Road,joker,08:00:00,11:00:00,09:00:00,14:00:00,16:00:00,20:00:00,22:50:00
E Square Multiplex University Road,gemini man,08:00:00,11:00:00,09:00:00,14:00:00,16:00:00,20:00:00,22:50:00
E Square Multiplex University Road,abonimable,08:00:00,11:00:00,09:00:00,14:00:00,16:00:00,20:00:00,22:50:00
E Square Multiplex University Road,dream girl,08:00:00,11:00:00,09:00:00,14:00:00,16:00:00,20:00:00,22:50:00
E Square Multiplex University Road,chhichhore,08:00:00,11:00:00,09:00:00,14:00:00,16:00:00,20:00:00,22:50:00
JAI Hind Cinema Khadki Railway Station,war,08:00:00,11:00:00,09:00:00,14:00:00,16:00:00,20:00:00,22:50:00
JAI Hind Cinema Khadki Railway Station,joker,08:00:00,11:00:00,09:00:00,14:00:00,16:00:00,20:00:00,22:50:00
JAI Hind Cinema Khadki Railway Station,gemini man,08:00:00,11:00:00,09:00:00,14:00:00,16:00:00,20:00:00,22:50:00
JAI Hind Cinema Khadki Railway Station,abonimable,08:00:00,11:00:00,09:00:00,14:00:00,16:00:00,20:00:00,22:50:00
JAI Hind Cinema Khadki Railway Station,dream girl,08:00:00,11:00:00,09:00:00,14:00:00,16:00:00,20:00:00,22:50:00
JAI Hind Cinema Khadki Railway Station,chhichhore,08:00:00,11:00:00,09:00:00,14:00:00,16:00:00,20:00:00,22:50:00
Big Cinemas Chinchwad,war,08:00:00,11:00:00,09:00:00,14:00:00,16:00:00,20:00:00,22:50:00
Big Cinemas Chinchwad,joker,08:00:00,11:00:00,09:00:00,14:00:00,16:00:00,20:00:00,22:50:00
Big Cinemas Chinchwad,gemini man,08:00:00,11:00:00,09:00:00,14:00:00,16:00:00,20:00:00,22:50:00
Big Cinemas Chinchwad,abonimable,08:00:00,11:00:00,09:00:00,14:00:00,16:00:00,20:00:00,22:50:00
Big Cinemas Chinchwad,dream girl,08:00:00,11:00:00,09:00:00,14:00:00,16:00:00,20:00:00,22:50:00
Big Cinemas Chinchwad,chhichhore,08:00:00,11:00:00,09:00:00,14:00:00,16:00:00,20:00:00,22:50:00
Inox GVK One Mall Banjara Hills,war,08:00:00,11:00:00,09:00:00,14:00:00,16:00:00,20:00:00,22:50:00
Inox GVK One Mall Banjara Hills,joker,08:00:00,11:00:00,09:00:00,14:00:00,16:00:00,20:00:00,22:50:00
Inox GVK One Mall Banjara Hills,gemini man,08:00:00,11:00:00,09:00:00,14:00:00,16:00:00,20:00:00,22:50:00
Inox GVK One Mall Banjara Hills,abonimable,08:00:00,11:00:00,09:00:00,14:00:00,16:00:00,20:00:00,22:50:00
Inox GVK One Mall Banjara Hills,dream girl,08:00:00,11:00:00,09:00:00,14:00:00,16:00:00,20:00:00,22:50:00
Inox GVK One Mall Banjara Hills,chhichhore,08:00:00,11:00:00,09:00:00,14:00:00,16:00:00,20:00:00,22:50:00
PVR Cinema Punjagutta,war,08:00:00,11:00:00,09:00:00,14:00:00,16:00:00,20:00:00,22:50:00
PVR Cinema Punjagutta,joker,08:00:00,11:00:00,09:00:00,14:00:00,16:00:00,20:00:00,22:50:00
PVR Cinema Punjagutta,gemini man,08:00:00,11:00:00,09:00:00,14:00:00,16:00:00,20:00:00,22:50:00
PVR Cinema Punjagutta,abonimable,08:00:00,11:00:00,09:00:00,14:00:00,16:00:00,20:00:00,22:50:00
PVR Cinema Punjagutta,dream girl,08:00:00,11:00:00,09:00:00,14:00:00,16:00:00,20:00:00,22:50:00
PVR Cinema Punjagutta,chhichhore,08:00:00,11:00:00,09:00:00,14:00:00,16:00:00,20:00:00,22:50:00
PVR Cinemas Inorbit Mall Madhapur,war,08:00:00,11:00:00,09:00:00,14:00:00,16:00:00,20:00:00,22:50:00
PVR Cinemas Inorbit Mall Madhapur,joker,08:00:00,11:00:00,09:00:00,14:00:00,16:00:00,20:00:00,22:50:00
PVR Cinemas Inorbit Mall Madhapur,gemini man,08:00:00,11:00:00,09:00:00,14:00:00,16:00:00,20:00:00,22:50:00
PVR Cinemas Inorbit Mall Madhapur,abonimable,08:00:00,11:00:00,09:00:00,14:00:00,16:00:00,20:00:00,22:50:00
PVR Cinemas Inorbit Mall Madhapur,dream girl,08:00:00,11:00:00,09:00:00,14:00:00,16:00:00,20:00:00,22:50:00
PVR Cinemas Inorbit Mall Madhapur,chhichhore,08:00:00,11:00:00,09:00:00,14:00:00,16:00:00,20:00:00,22:50:00
Asian Cine Square Multiplex Uppal,war,08:00:00,11:00:00,09:00:00,14:00:00,16:00:00,20:00:00,22:50:00
Asian Cine Square Multiplex Uppal,joker,08:00:00,11:00:00,09:00:00,14:00:00,16:00:00,20:00:00,22:50:00
Asian Cine Square Multiplex Uppal,gemini man,08:00:00,11:00:00,09:00:00,14:00:00,16:00:00,20:00:00,22:50:00
Asian Cine Square Multiplex Uppal,abonimable,08:00:00,11:00:00,09:00:00,14:00:00,16:00:00,20:00:00,22:50:00
Asian Cine Square Multiplex Uppal,dream girl,08:00:00,11:00:00,09:00:00,14:00:00,16:00:00,20:00:00,22:50:00
Asian Cine Square Multiplex Uppal,chhichhore,08:00:00,11:00:00,09:00:00,14:00:00,16:00:00,20:00:00,22:50:00
Cinepolis Mantra Mall Attapur,war,08:00:00,11:00:00,09:00:00,14:00:00,16:00:00,20:00:00,22:50:00
Cinepolis Mantra Mall Attapur,joker,08:00:00,11:00:00,09:00:00,14:00:00,16:00:00,20:00:00,22:50:00
Cinepolis Mantra Mall Attapur,gemini man,08:00:00,11:00:00,09:00:00,14:00:00,16:00:00,20:00:00,22:50:00
Cinepolis Mantra Mall Attapur,abonimable,08:00:00,11:00:00,09:00:00,14:00:00,16:00:00,20:00:00,22:50:00
Cinepolis Mantra Mall Attapur,dream girl,08:00:00,11:00:00,09:00:00,14:00:00,16:00:00,20:00:00,22:50:00
Cinepolis Mantra Mall Attapur,chhichhore,08:00:00,11:00:00,09:00:00,14:00:00,16:00:00,20:00:00,22:50:00
PVR Next Galleria Mall Panjagutta,war,08:00:00,11:00:00,09:00:00,14:00:00,16:00:00,20:00:00,22:50:00
PVR Next Galleria Mall Panjagutta,joker,08:00:00,11:00:00,09:00:00,14:00:00,16:00:00,20:00:00,22:50:00
PVR Next Galleria Mall Panjagutta,gemini man,08:00:00,11:00:00,09:00:00,14:00:00,16:00:00,20:00:00,22:50:00
PVR Next Galleria Mall Panjagutta,abonimable,08:00:00,11:00:00,09:00:00,14:00:00,16:00:00,20:00:00,22:50:00
PVR Next Galleria Mall Panjagutta,dream girl,08:00:00,11:00:00,09:00:00,14:00:00,16:00:00,20:00:00,22:50:00
PVR Next Galleria Mall Panjagutta,chhichhore,08:00:00,11:00:00,09:00:00,14:00:00,16:00:00,20:00:00,22:50:00
PVR 4DX Irrum Manzil,war,08:00:00,11:00:00,09:00:00,14:00:00,16:00:00,20:00:00,22:50:00
PVR 4DX Irrum Manzil,joker,08:00:00,11:00:00,09:00:00,14:00:00,16:00:00,20:00:00,22:50:00
PVR 4DX Irrum Manzil,gemini man,08:00:00,11:00:00,09:00:00,14:00:00,16:00:00,20:00:00,22:50:00
PVR 4DX Irrum Manzil,abonimable,08:00:00,11:00:00,09:00:00,14:00:00,16:00:00,20:00:00,22:50:00
PVR 4DX Irrum Manzil,dream girl,08:00:00,11:00:00,09:00:00,14:00:00,16:00:00,20:00:00,22:50:00
PVR 4DX Irrum Manzil,chhichhore,08:00:00,11:00:00,09:00:00,14:00:00,16:00:00,20:00:00,22:50:00
PVR Cinemas Forum Mall Koramangala,war,08:00:00,11:00:00,09:00:00,14:00:00,16:00:00,20:00:00,22:50:00
PVR Cinemas Forum Mall Koramangala,joker,08:00:00,11:00:00,09:00:00,14:00:00,16:00:00,20:00:00,22:50:00
PVR Cinemas Forum Mall Koramangala,gemini man,08:00:00,11:00:00,09:00:00,14:00:00,16:00:00,20:00:00,22:50:00
PVR Cinemas Forum Mall Koramangala,abonimable,08:00:00,11:00:00,09:00:00,14:00:00,16:00:00,20:00:00,22:50:00
PVR Cinemas Forum Mall Koramangala,dream girl,08:00:00,11:00:00,09:00:00,14:00:00,16:00:00,20:00:00,22:50:00
PVR Cinemas Forum Mall Koramangala,chhichhore,08:00:00,11:00:00,09:00:00,14:00:00,16:00:00,20:00:00,22:50:00
PVR Cinemas Orion Mall Malleswaram,war,08:00:00,11:00:00,09:00:00,14:00:00,16:00:00,20:00:00,22:50:00
PVR Cinemas Orion Mall Malleswaram,joker,08:00:00,11:00:00,09:00:00,14:00:00,16:00:00,20:00:00,22:50:00
PVR Cinemas Orion Mall Malleswaram,gemini man,08:00:00,11:00:00,09:00:00,14:00:00,16:00:00,20:00:00,22:50:00
PVR Cinemas Orion Mall Malleswaram,abonimable,08:00:00,11:00:00,09:00:00,14:00:00,16:00:00,20:00:00,22:50:00
PVR Cinemas Orion Mall Malleswaram,dream girl,08:00:00,11:00:00,09:00:00,14:00:00,16:00:00,20:00:00,22:50:00
PVR Cinemas Orion Mall Malleswaram,chhichhore,08:00:00,11:00:00,09:00:00,14:00:00,16:00:00,20:00:00,22:50:00
INOX Cinemas Forum Neighbourhood Mall Whitefield Main Road,war,08:00:00,11:00:00,09:00:00,14:00:00,16:00:00,20:00:00,22:50:00
INOX Cinemas Forum Neighbourhood Mall Whitefield Main Road,joker,08:00:00,11:00:00,09:00:00,14:00:00,16:00:00,20:00:00,22:50:00
INOX Cinemas Forum Neighbourhood Mall Whitefield Main Road,gemini man,08:00:00,11:00:00,09:00:00,14:00:00,16:00:00,20:00:00,22:50:00
INOX Cinemas Forum Neighbourhood Mall Whitefield Main Road,abonimable,08:00:00,11:00:00,09:00:00,14:00:00,16:00:00,20:00:00,22:50:00
INOX Cinemas Forum Neighbourhood Mall Whitefield Main Road,dream girl,08:00:00,11:00:00,09:00:00,14:00:00,16:00:00,20:00:00,22:50:00
INOX Cinemas Forum Neighbourhood Mall Whitefield Main Road,chhichhore,08:00:00,11:00:00,09:00:00,14:00:00,16:00:00,20:00:00,22:50:00
PVR Cinemas Elements Mall Nagawara,war,08:00:00,11:00:00,09:00:00,14:00:00,16:00:00,20:00:00,22:50:00
PVR Cinemas Elements Mall Nagawara,joker,08:00:00,11:00:00,09:00:00,14:00:00,16:00:00,20:00:00,22:50:00
PVR Cinemas Elements Mall Nagawara,gemini man,08:00:00,11:00:00,09:00:00,14:00:00,16:00:00,20:00:00,22:50:00
PVR Cinemas Elements Mall Nagawara,abonimable,08:00:00,11:00:00,09:00:00,14:00:00,16:00:00,20:00:00,22:50:00
PVR Cinemas Elements Mall Nagawara,dream girl,08:00:00,11:00:00,09:00:00,14:00:00,16:00:00,20:00:00,22:50:00
PVR Cinemas Elements Mall Nagawara,chhichhore,08:00:00,11:00:00,09:00:00,14:00:00,16:00:00,20:00:00,22:50:00
PVR Cinemas Vaishnavi Sapphire Mall Yeshwanthpur,war,08:00:00,11:00:00,09:00:00,14:00:00,16:00:00,20:00:00,22:50:00
PVR Cinemas Vaishnavi Sapphire Mall Yeshwanthpur,joker,08:00:00,11:00:00,09:00:00,14:00:00,16:00:00,20:00:00,22:50:00
PVR Cinemas Vaishnavi Sapphire Mall Yeshwanthpur,gemini man,08:00:00,11:00:00,09:00:00,14:00:00,16:00:00,20:00:00,22:50:00
PVR Cinemas Vaishnavi Sapphire Mall Yeshwanthpur,abonimable,08:00:00,11:00:00,09:00:00,14:00:00,16:00:00,20:00:00,22:50:00
PVR Cinemas Vaishnavi Sapphire Mall Yeshwanthpur,dream girl,08:00:00,11:00:00,09:00:00,14:00:00,16:00:00,20:00:00,22:50:00
PVR Cinemas Vaishnavi Sapphire Mall Yeshwanthpur,chhichhore,08:00:00,11:00:00,09:00:00,14:00:00,16:00:00,20:00:00,22:50:00
Cinepolis Cinemas Eta Mall Binnypete,war,08:00:00,11:00:00,09:00:00,14:00:00,16:00:00,20:00:00,22:50:00
Cinepolis Cinemas Eta Mall Binnypete,joker,08:00:00,11:00:00,09:00:00,14:00:00,16:00:00,20:00:00,22:50:00
Cinepolis Cinemas Eta Mall Binnypete,gemini man,08:00:00,11:00:00,09:00:00,14:00:00,16:00:00,20:00:00,22:50:00
Cinepolis Cinemas Eta Mall Binnypete,abonimable,08:00:00,11:00:00,09:00:00,14:00:00,16:00:00,20:00:00,22:50:00
Cinepolis Cinemas Eta Mall Binnypete,dream girl,08:00:00,11:00:00,09:00:00,14:00:00,16:00:00,20:00:00,22:50:00
Cinepolis Cinemas Eta Mall Binnypete,chhichhore,08:00:00,11:00:00,09:00:00,14:00:00,16:00:00,20:00:00,22:50:00
Galaxy Paradise Theatre Begur Road,war,08:00:00,11:00:00,09:00:00,14:00:00,16:00:00,20:00:00,22:50:00
Galaxy Paradise Theatre Begur Road,joker,08:00:00,11:00:00,09:00:00,14:00:00,16:00:00,20:00:00,22:50:00
Galaxy Paradise Theatre Begur Road,gemini man,08:00:00,11:00:00,09:00:00,14:00:00,16:00:00,20:00:00,22:50:00
Galaxy Paradise Theatre Begur Road,abonimable,08:00:00,11:00:00,09:00:00,14:00:00,16:00:00,20:00:00,22:50:00
Galaxy Paradise Theatre Begur Road,dream girl,08:00:00,11:00:00,09:00:00,14:00:00,16:00:00,20:00:00,22:50:00
Galaxy Paradise Theatre Begur Road,chhichhore,08:00:00,11:00:00,09:00:00,14:00:00,16:00:00,20:00:00,22:50:00
RANG RUP New Complex Dharmatala,war,08:00:00,11:00:00,09:00:00,14:00:00,16:00:00,20:00:00,22:50:00
RANG RUP New Complex Dharmatala,joker,08:00:00,11:00:00,09:00:00,14:00:00,16:00:00,20:00:00,22:50:00
RANG RUP New Complex Dharmatala,gemini man,08:00:00,11:00:00,09:00:00,14:00:00,16:00:00,20:00:00,22:50:00
RANG RUP New Complex Dharmatala,abonimable,08:00:00,11:00:00,09:00:00,14:00:00,16:00:00,20:00:00,22:50:00
RANG RUP New Complex Dharmatala,dream girl,08:00:00,11:00:00,09:00:00,14:00:00,16:00:00,20:00:00,22:50:00
RANG RUP New Complex Dharmatala,chhichhore,08:00:00,11:00:00,09:00:00,14:00:00,16:00:00,20:00:00,22:50:00
CHABIGHAR CINEMA HALL Mahatma Gandhi Road Baithakkhana,war,08:00:00,11:00:00,09:00:00,14:00:00,16:00:00,20:00:00,22:50:00
CHABIGHAR CINEMA HALL Mahatma Gandhi Road Baithakkhana,joker,08:00:00,11:00:00,09:00:00,14:00:00,16:00:00,20:00:00,22:50:00
CHABIGHAR CINEMA HALL Mahatma Gandhi Road Baithakkhana,gemini man,08:00:00,11:00:00,09:00:00,14:00:00,16:00:00,20:00:00,22:50:00
CHABIGHAR CINEMA HALL Mahatma Gandhi Road Baithakkhana,abonimable,08:00:00,11:00:00,09:00:00,14:00:00,16:00:00,20:00:00,22:50:00
CHABIGHAR CINEMA HALL Mahatma Gandhi Road Baithakkhana,dream girl,08:00:00,11:00:00,09:00:00,14:00:00,16:00:00,20:00:00,22:50:00
CHABIGHAR CINEMA HALL Mahatma Gandhi Road Baithakkhana,chhichhore,08:00:00,11:00:00,09:00:00,14:00:00,16:00:00,20:00:00,22:50:00
LONDON PARIS MULTIPLEX Gariahat Road Ballygunge,war,08:00:00,11:00:00,09:00:00,14:00:00,16:00:00,20:00:00,22:50:00
LONDON PARIS MULTIPLEX Gariahat Road Ballygunge,joker,08:00:00,11:00:00,09:00:00,14:00:00,16:00:00,20:00:00,22:50:00
LONDON PARIS MULTIPLEX Gariahat Road Ballygunge,gemini man,08:00:00,11:00:00,09:00:00,14:00:00,16:00:00,20:00:00,22:50:00
LONDON PARIS MULTIPLEX Gariahat Road Ballygunge,abonimable,08:00:00,11:00:00,09:00:00,14:00:00,16:00:00,20:00:00,22:50:00
LONDON PARIS MULTIPLEX Gariahat Road Ballygunge,dream girl,08:00:00,11:00:00,09:00:00,14:00:00,16:00:00,20:00:00,22:50:00
LONDON PARIS MULTIPLEX Gariahat Road Ballygunge,chhichhore,08:00:00,11:00:00,09:00:00,14:00:00,16:00:00,20:00:00,22:50:00
BROADWAY MULTIPLEX Sector III Salt Lake City,war,08:00:00,11:00:00,09:00:00,14:00:00,16:00:00,20:00:00,22:50:00
BROADWAY MULTIPLEX Sector III Salt Lake City,joker,08:00:00,11:00:00,09:00:00,14:00:00,16:00:00,20:00:00,22:50:00
BROADWAY MULTIPLEX Sector III Salt Lake City,gemini man,08:00:00,11:00:00,09:00:00,14:00:00,16:00:00,20:00:00,22:50:00
BROADWAY MULTIPLEX Sector III Salt Lake City,abonimable,08:00:00,11:00:00,09:00:00,14:00:00,16:00:00,20:00:00,22:50:00
BROADWAY MULTIPLEX Sector III Salt Lake City,dream girl,08:00:00,11:00:00,09:00:00,14:00:00,16:00:00,20:00:00,22:50:00
BROADWAY MULTIPLEX Sector III Salt Lake City,chhichhore,08:00:00,11:00:00,09:00:00,14:00:00,16:00:00,20:00:00,22:50:00
PVR CINEMAS Avani Riverside Mall,war,08:00:00,11:00:00,09:00:00,14:00:00,16:00:00,20:00:00,22:50:00
PVR CINEMAS Avani Riverside Mall,joker,08:00:00,11:00:00,09:00:00,14:00:00,16:00:00,20:00:00,22:50:00
PVR CINEMAS Avani Riverside Mall,gemini man,08:00:00,11:00:00,09:00:00,14:00:00,16:00:00,20:00:00,22:50:00
PVR CINEMAS Avani Riverside Mall,abonimable,08:00:00,11:00:00,09:00:00,14:00:00,16:00:00,20:00:00,22:50:00
PVR CINEMAS Avani Riverside Mall,dream girl,08:00:00,11:00:00,09:00:00,14:00:00,16:00:00,20:00:00,22:50:00
PVR CINEMAS Avani Riverside Mall,chhichhore,08:00:00,11:00:00,09:00:00,14:00:00,16:00:00,20:00:00,22:50:00
PARADISE CINEMA Esplanade,war,08:00:00,11:00:00,09:00:00,14:00:00,16:00:00,20:00:00,22:50:00
PARADISE CINEMA Esplanade,joker,08:00:00,11:00:00,09:00:00,14:00:00,16:00:00,20:00:00,22:50:00
PARADISE CINEMA Esplanade,gemini man,08:00:00,11:00:00,09:00:00,14:00:00,16:00:00,20:00:00,22:50:00
PARADISE CINEMA Esplanade,abonimable,08:00:00,11:00:00,09:00:00,14:00:00,16:00:00,20:00:00,22:50:00
PARADISE CINEMA Esplanade,dream girl,08:00:00,11:00:00,09:00:00,14:00:00,16:00:00,20:00:00,22:50:00
PARADISE CINEMA Esplanade,chhichhore,08:00:00,11:00:00,09:00:00,14:00:00,16:00:00,20:00:00,22:50:00
BATRA REELS CINEMA Grand Mall New Friends Colony,war,08:00:00,11:00:00,09:00:00,14:00:00,16:00:00,20:00:00,22:50:00
BATRA REELS CINEMA Grand Mall New Friends Colony,joker,08:00:00,11:00:00,09:00:00,14:00:00,16:00:00,20:00:00,22:50:00
BATRA REELS CINEMA Grand Mall New Friends Colony,gemini man,08:00:00,11:00:00,09:00:00,14:00:00,16:00:00,20:00:00,22:50:00
BATRA REELS CINEMA Grand Mall New Friends Colony,abonimable,08:00:00,11:00:00,09:00:00,14:00:00,16:00:00,20:00:00,22:50:00
BATRA REELS CINEMA Grand Mall New Friends Colony,dream girl,08:00:00,11:00:00,09:00:00,14:00:00,16:00:00,20:00:00,22:50:00
BATRA REELS CINEMA Grand Mall New FriendD. T. STAR CINEMAS DLF Place Mall SAKETs Colony,chhichhore,08:00:00,11:00:00,09:00:00,14:00:00,16:00:00,20:00:00,22:50:00
D. T. STAR CINEMAS DLF Place Mall SAKET,war,08:00:00,11:00:00,09:00:00,14:00:00,16:00:00,20:00:00,22:50:00
D. T. STAR CINEMAS DLF Place Mall SAKET,joker,08:00:00,11:00:00,09:00:00,14:00:00,16:00:00,20:00:00,22:50:00
D. T. STAR CINEMAS DLF Place Mall SAKET,gemini man,08:00:00,11:00:00,09:00:00,14:00:00,16:00:00,20:00:00,22:50:00
D. T. STAR CINEMAS DLF Place Mall SAKET,abonimable,08:00:00,11:00:00,09:00:00,14:00:00,16:00:00,20:00:00,22:50:00
D. T. STAR CINEMAS DLF Place Mall SAKET,dream girl,08:00:00,11:00:00,09:00:00,14:00:00,16:00:00,20:00:00,22:50:00
D. T. STAR CINEMAS DLF Place Mall SAKET,chhichhore,08:00:00,11:00:00,09:00:00,14:00:00,16:00:00,20:00:00,22:50:00
DELITE Asaf Ali Road,war,08:00:00,11:00:00,09:00:00,14:00:00,16:00:00,20:00:00,22:50:00
DELITE Asaf Ali Road,joker,08:00:00,11:00:00,09:00:00,14:00:00,16:00:00,20:00:00,22:50:00
DELITE Asaf Ali Road,gemini man,08:00:00,11:00:00,09:00:00,14:00:00,16:00:00,20:00:00,22:50:00
DELITE Asaf Ali Road,abonimable,08:00:00,11:00:00,09:00:00,14:00:00,16:00:00,20:00:00,22:50:00
DELITE Asaf Ali Road,dream girl,08:00:00,11:00:00,09:00:00,14:00:00,16:00:00,20:00:00,22:50:00
DELITE Asaf Ali Road,chhichhore,08:00:00,11:00:00,09:00:00,14:00:00,16:00:00,20:00:00,22:50:00
M2K M2K Mall ROHINI,war,08:00:00,11:00:00,09:00:00,14:00:00,16:00:00,20:00:00,22:50:00
M2K M2K Mall ROHINI,joker,08:00:00,11:00:00,09:00:00,14:00:00,16:00:00,20:00:00,22:50:00
M2K M2K Mall ROHINI,gemini man,08:00:00,11:00:00,09:00:00,14:00:00,16:00:00,20:00:00,22:50:00
M2K M2K Mall ROHINI,abonimable,08:00:00,11:00:00,09:00:00,14:00:00,16:00:00,20:00:00,22:50:00
M2K M2K Mall ROHINI,dream girl,08:00:00,11:00:00,09:00:00,14:00:00,16:00:00,20:00:00,22:50:00
M2K M2K Mall ROHINI,chhichhore,08:00:00,11:00:00,09:00:00,14:00:00,16:00:00,20:00:00,22:50:00
MOVIE TIME North Pacific Mall PITAMPURA,war,08:00:00,11:00:00,09:00:00,14:00:00,16:00:00,20:00:00,22:50:00
MOVIE TIME North Pacific Mall PITAMPURA,joker,08:00:00,11:00:00,09:00:00,14:00:00,16:00:00,20:00:00,22:50:00
MOVIE TIME North Pacific Mall PITAMPURA,gemini man,08:00:00,11:00:00,09:00:00,14:00:00,16:00:00,20:00:00,22:50:00
MOVIE TIME North Pacific Mall PITAMPURA,abonimable,08:00:00,11:00:00,09:00:00,14:00:00,16:00:00,20:00:00,22:50:00
MOVIE TIME North Pacific Mall PITAMPURA,dream girl,08:00:00,11:00:00,09:00:00,14:00:00,16:00:00,20:00:00,22:50:00
MOVIE TIME North Pacific Mall PITAMPURA,chhichhore,08:00:00,11:00:00,09:00:00,14:00:00,16:00:00,20:00:00,22:50:00
PVR East Delhi Mall Ghaziabad,war,08:00:00,11:00:00,09:00:00,14:00:00,16:00:00,20:00:00,22:50:00
PVR East Delhi Mall Ghaziabad,joker,08:00:00,11:00:00,09:00:00,14:00:00,16:00:00,20:00:00,22:50:00
PVR East Delhi Mall Ghaziabad,gemini man,08:00:00,11:00:00,09:00:00,14:00:00,16:00:00,20:00:00,22:50:00
PVR East Delhi Mall Ghaziabad,abonimable,08:00:00,11:00:00,09:00:00,14:00:00,16:00:00,20:00:00,22:50:00
PVR East Delhi Mall Ghaziabad,dream girl,08:00:00,11:00:00,09:00:00,14:00:00,16:00:00,20:00:00,22:50:00
PVR East Delhi Mall Ghaziabad,chhichhore,08:00:00,11:00:00,09:00:00,14:00:00,16:00:00,20:00:00,22:50:00
SATYAM CINEPLEXES PATEL NAGAR,war,08:00:00,11:00:00,09:00:00,14:00:00,16:00:00,20:00:00,22:50:00
SATYAM CINEPLEXES PATEL NAGAR,joker,08:00:00,11:00:00,09:00:00,14:00:00,16:00:00,20:00:00,22:50:00
SATYAM CINEPLEXES PATEL NAGAR,gemini man,08:00:00,11:00:00,09:00:00,14:00:00,16:00:00,20:00:00,22:50:00
SATYAM CINEPLEXES PATEL NAGAR,abonimable,08:00:00,11:00:00,09:00:00,14:00:00,16:00:00,20:00:00,22:50:00
SATYAM CINEPLEXES PATEL NAGAR,dream girl,08:00:00,11:00:00,09:00:00,14:00:00,16:00:00,20:00:00,22:50:00
SATYAM CINEPLEXES PATEL NAGAR,chhichhore,08:00:00,11:00:00,09:00:00,14:00:00,16:00:00,20:00:00,22:50:00
Jothi Cinema Hall-Alandur,war,08:00:00,11:00:00,09:00:00,14:00:00,16:00:00,20:00:00,22:50:00
Jothi Cinema Hall-Alandur,joker,08:00:00,11:00:00,09:00:00,14:00:00,16:00:00,20:00:00,22:50:00
Jothi Cinema Hall-Alandur,gemini man,08:00:00,11:00:00,09:00:00,14:00:00,16:00:00,20:00:00,22:50:00
Jothi Cinema Hall-Alandur,abonimable,08:00:00,11:00:00,09:00:00,14:00:00,16:00:00,20:00:00,22:50:00
Jothi Cinema Hall-Alandur,dream girl,08:00:00,11:00:00,09:00:00,14:00:00,16:00:00,20:00:00,22:50:00
Jothi Cinema Hall-Alandur,chhichhore,08:00:00,11:00:00,09:00:00,14:00:00,16:00:00,20:00:00,22:50:00
PVR-Ampa Sky Walk Mall,war,08:00:00,11:00:00,09:00:00,14:00:00,16:00:00,20:00:00,22:50:00
PVR-Ampa Sky Walk Mall,joker,08:00:00,11:00:00,09:00:00,14:00:00,16:00:00,20:00:00,22:50:00
PVR-Ampa Sky Walk Mall,gemini man,08:00:00,11:00:00,09:00:00,14:00:00,16:00:00,20:00:00,22:50:00
PVR-Ampa Sky Walk Mall,abonimable,08:00:00,11:00:00,09:00:00,14:00:00,16:00:00,20:00:00,22:50:00
PVR-Ampa Sky Walk Mall,dream girl,08:00:00,11:00:00,09:00:00,14:00:00,16:00:00,20:00:00,22:50:00
PVR-Ampa Sky Walk Mall,chhichhore,08:00:00,11:00:00,09:00:00,14:00:00,16:00:00,20:00:00,22:50:00
PVR-Ampa Sky Walk Mall,war,08:00:00,11:00:00,09:00:00,14:00:00,16:00:00,20:00:00,22:50:00
PVR-VR Chennai Mall Anna Nagar,joker,08:00:00,11:00:00,09:00:00,14:00:00,16:00:00,20:00:00,22:50:00
PVR-VR Chennai Mall Anna Nagar,gemini man,08:00:00,11:00:00,09:00:00,14:00:00,16:00:00,20:00:00,22:50:00
PVR-VR Chennai Mall Anna Nagar,08:00:00,11:00:00,09:00:00,14:00:00,16:00:00,20:00:00,22:50:00
PVR-VR Chennai Mall Anna Nagar,dream girl,08:00:00,11:00:00,09:00:00,14:00:00,16:00:00,20:00:00,22:50:00
PVR-VR Chennai Mall Anna Nagar,chhichhore,08:00:00,11:00:00,09:00:00,14:00:00,16:00:00,20:00:00,22:50:00
S2 Cinema-Spectrum The Great Venus Mall Perambur,war,08:00:00,11:00:00,09:00:00,14:00:00,16:00:00,20:00:00,22:50:00
S2 Cinema-Spectrum The Great Venus Mall Perambur,joker,08:00:00,11:00:00,09:00:00,14:00:00,16:00:00,20:00:00,22:50:00
S2 Cinema-Spectrum The Great Venus Mall Perambur,gemini man,08:00:00,11:00:00,09:00:00,14:00:00,16:00:00,20:00:00,22:50:00
S2 Cinema-Spectrum The Great Venus Mall Perambur,abonimable,08:00:00,11:00:00,09:00:00,14:00:00,16:00:00,20:00:00,22:50:00
S2 Cinema-Spectrum The Great Venus Mall Perambur,dream girl,08:00:00,11:00:00,09:00:00,14:00:00,16:00:00,20:00:00,22:50:00
S2 Cinema-Spectrum The Great Venus Mall Perambur,chhichhore,08:00:00,11:00:00,09:00:00,14:00:00,16:00:00,20:00:00,22:50:00
Shree Radha Movie Park-Redhills,war,08:00:00,11:00:00,09:00:00,14:00:00,16:00:00,20:00:00,22:50:00
Shree Radha Movie Park-Redhills,joker,08:00:00,11:00:00,09:00:00,14:00:00,16:00:00,20:00:00,22:50:00
Shree Radha Movie Park-Redhills,gemini man,08:00:00,11:00:00,09:00:00,14:00:00,16:00:00,20:00:00,22:50:00
Shree Radha Movie Park-Redhills,abonimable,08:00:00,11:00:00,09:00:00,14:00:00,16:00:00,20:00:00,22:50:00
Shree Radha Movie Park-Redhills,dream girl,08:00:00,11:00:00,09:00:00,14:00:00,16:00:00,20:00:00,22:50:00
Shree Radha Movie Park-Redhills,chhichhore,08:00:00,11:00:00,09:00:00,14:00:00,16:00:00,20:00:00,22:50:00
SPI Sathyam Cinemas-Royalpettah,war,08:00:00,11:00:00,09:00:00,14:00:00,16:00:00,20:00:00,22:50:00
SPI Sathyam Cinemas-Royalpettah,joker,08:00:00,11:00:00,09:00:00,14:00:00,16:00:00,20:00:00,22:50:00
SPI Sathyam Cinemas-Royalpettah,gemini man,08:00:00,11:00:00,09:00:00,14:00:00,16:00:00,20:00:00,22:50:00
SPI Sathyam Cinemas-Royalpettah,abonimable,08:00:00,11:00:00,09:00:00,14:00:00,16:00:00,20:00:00,22:50:00
SPI Sathyam Cinemas-Royalpettah,dream girl,08:00:00,11:00:00,09:00:00,14:00:00,16:00:00,20:00:00,22:50:00
SPI Sathyam Cinemas-Royalpettah,chhichhore,08:00:00,11:00:00,09:00:00,14:00:00,16:00:00,20:00:00,22:50:00
Galaxy Cinema G7 Bandra West,war,08:00:00,11:00:00,09:00:00,14:00:00,16:00:00,20:00:00,22:50:00
Galaxy Cinema G7 Bandra West,joker,08:00:00,11:00:00,09:00:00,14:00:00,16:00:00,20:00:00,22:50:00
Galaxy Cinema G7 Bandra West,gemini man,08:00:00,11:00:00,09:00:00,14:00:00,16:00:00,20:00:00,22:50:00
Galaxy Cinema G7 Bandra West,abonimable,08:00:00,11:00:00,09:00:00,14:00:00,16:00:00,20:00:00,22:50:00
Galaxy Cinema G7 Bandra West,dream girl,08:00:00,11:00:00,09:00:00,14:00:00,16:00:00,20:00:00,22:50:00
Galaxy Cinema G7 Bandra West,chhichhore,08:00:00,11:00:00,09:00:00,14:00:00,16:00:00,20:00:00,22:50:00
Inox Cinemas Glomax Kharghar,war,08:00:00,11:00:00,09:00:00,14:00:00,16:00:00,20:00:00,22:50:00
Inox Cinemas Glomax Kharghar,joker,08:00:00,11:00:00,09:00:00,14:00:00,16:00:00,20:00:00,22:50:00
Inox Cinemas Glomax Kharghar,gemini man,08:00:00,11:00:00,09:00:00,14:00:00,16:00:00,20:00:00,22:50:00
Inox Cinemas Glomax Kharghar,abonimable,08:00:00,11:00:00,09:00:00,14:00:00,16:00:00,20:00:00,22:50:00
Inox Cinemas Glomax Kharghar,dream girl,08:00:00,11:00:00,09:00:00,14:00:00,16:00:00,20:00:00,22:50:00
Inox Cinemas Glomax Kharghar,chhichhore,08:00:00,11:00:00,09:00:00,14:00:00,16:00:00,20:00:00,22:50:00
INOX Cinemas Metro Ebony Marine Lines East,war,08:00:00,11:00:00,09:00:00,14:00:00,16:00:00,20:00:00,22:50:00
INOX Cinemas Metro Ebony Marine Lines East,joker,08:00:00,11:00:00,09:00:00,14:00:00,16:00:00,20:00:00,22:50:00
INOX Cinemas Metro Ebony Marine Lines East,gemini man,08:00:00,11:00:00,09:00:00,14:00:00,16:00:00,20:00:00,22:50:00
INOX Cinemas Metro Ebony Marine Lines East,abonimable,08:00:00,11:00:00,09:00:00,14:00:00,16:00:00,20:00:00,22:50:00
INOX Cinemas Metro Ebony Marine Lines East,dream girl,08:00:00,11:00:00,09:00:00,14:00:00,16:00:00,20:00:00,22:50:00
INOX Cinemas Metro Ebony Marine Lines East,chhichhore,08:00:00,11:00:00,09:00:00,14:00:00,16:00:00,20:00:00,22:50:00
Mukta A2 KMall Panvel,war,08:00:00,11:00:00,09:00:00,14:00:00,16:00:00,20:00:00,22:50:00
Mukta A2 KMall Panvel,joker,08:00:00,11:00:00,09:00:00,14:00:00,16:00:00,20:00:00,22:50:00
Mukta A2 KMall Panvel,gemini man,08:00:00,11:00:00,09:00:00,14:00:00,16:00:00,20:00:00,22:50:00
Mukta A2 KMall Panvel,abonimable,08:00:00,11:00:00,09:00:00,14:00:00,16:00:00,20:00:00,22:50:00
Mukta A2 KMall Panvel,dream girl,08:00:00,11:00:00,09:00:00,14:00:00,16:00:00,20:00:00,22:50:00
Mukta A2 KMall Panvel,chhichhore,08:00:00,11:00:00,09:00:00,14:00:00,16:00:00,20:00:00,22:50:00
PVR 4DX Cinema Kurla West,war,08:00:00,11:00:00,09:00:00,14:00:00,16:00:00,20:00:00,22:50:00
PVR 4DX Cinema Kurla West,joker,08:00:00,11:00:00,09:00:00,14:00:00,16:00:00,20:00:00,22:50:00
PVR 4DX Cinema Kurla West,gemini man,08:00:00,11:00:00,09:00:00,14:00:00,16:00:00,20:00:00,22:50:00
PVR 4DX Cinema Kurla West,dream girl,08:00:00,11:00:00,09:00:00,14:00:00,16:00:00,20:00:00,22:50:00
PVR 4DX Cinema Kurla West,chhichhore,08:00:00,11:00:00,09:00:00,14:00:00,16:00:00,20:00:00,22:50:00
PVR Beverly Park Mira Road Mira-Road East,war,08:00:00,11:00:00,09:00:00,14:00:00,16:00:00,20:00:00,22:50:00
PVR Beverly Park Mira Road Mira-Road East,joker,08:00:00,11:00:00,09:00:00,14:00:00,16:00:00,20:00:00,22:50:00
PVR Beverly Park Mira Road Mira-Road East,gemini man,08:00:00,11:00:00,09:00:00,14:00:00,16:00:00,20:00:00,22:50:00
PVR Beverly Park Mira Road Mira-Road East,abonimable,08:00:00,11:00:00,09:00:00,14:00:00,16:00:00,20:00:00,22:50:00
PVR Beverly Park Mira Road Mira-Road East,dream girl,08:00:00,11:00:00,09:00:00,14:00:00,16:00:00,20:00:00,22:50:00
PVR Beverly Park Mira Road Mira-Road East,chhichhore,08:00:00,11:00:00,09:00:00,14:00:00,16:00:00,20:00:00,22:50:00
